epoch,train_loss,val_loss,lr
1,0.49792205542325974,0.2911648154258728,0.0004
2,0.42238183816274005,0.23161931335926056,0.0004
