{
  "mse": 144902.390625,
  "mae": 291.4871520996094,
  "run": 1,
  "seed": 2026,
  "horizon": 90,
  "val_mse": 79044.65625,
  "val_mae": 225.14300537109375,
  "best_val_loss": 0.17081218957901,
  "final_train_loss": 0.33921846250693005,
  "final_val_loss": 0.18566535413265228,
  "epochs_trained": 28,
  "train_windows": 705,
  "val_windows": 124,
  "test_windows": 344,
  "num_parameters": 283233,
  "device": "cuda"
}