{
  "mse": 148486.75,
  "mae": 294.042236328125,
  "run": 1,
  "seed": 2026,
  "horizon": 90,
  "best_val_loss": 0.09801202267408371,
  "final_train_loss": 0.22617451225717863,
  "final_val_loss": 0.10583387315273285,
  "epochs_trained": 30,
  "train_windows": 705,
  "val_windows": 124,
  "test_windows": 344,
  "num_parameters": 378368,
  "device": "cuda"
}