{
  "mse": 138874.265625,
  "mae": 288.15093994140625,
  "run": 1,
  "seed": 2026,
  "horizon": 365,
  "val_mse": 203530.75,
  "val_mae": 337.0298156738281,
  "best_val_loss": 0.33032333850860596,
  "final_train_loss": 0.35736383870244026,
  "final_val_loss": 0.33128228783607483,
  "epochs_trained": 60,
  "train_windows": 471,
  "val_windows": 83,
  "test_windows": 69,
  "num_parameters": 336211,
  "device": "cuda"
}