{
  "mse": 142384.234375,
  "mae": 286.7824401855469,
  "run": 1,
  "seed": 2026,
  "horizon": 90,
  "val_mse": 82402.984375,
  "val_mae": 230.82513427734375,
  "best_val_loss": 0.17709387838840485,
  "final_train_loss": 0.3370382860302925,
  "final_val_loss": 0.17874881625175476,
  "epochs_trained": 35,
  "train_windows": 705,
  "val_windows": 124,
  "test_windows": 344,
  "num_parameters": 216224,
  "device": "cuda"
}