epoch,train_loss,val_loss,lr
1,0.5136501379311085,0.46788397431373596,0.0005
