{
  "mse": 241998.546875,
  "mae": 385.0130310058594,
  "run": 1,
  "seed": 2026,
  "horizon": 365,
  "best_val_loss": 0.46788397431373596,
  "final_train_loss": 0.5136501379311085,
  "final_val_loss": 0.46788397431373596,
  "epochs_trained": 1,
  "train_windows": 471,
  "val_windows": 83,
  "test_windows": 69,
  "num_parameters": 178446,
  "device": "cuda"
}