epoch,train_loss,val_loss,lr
1,0.5011926566561064,0.3706342577934265,0.0003
2,0.485160934428374,0.3090692162513733,0.0003
3,0.4490983113646507,0.2683456242084503,0.0003
4,0.4204679901401202,0.23492369055747986,0.0003
5,0.403475321829319,0.21561872959136963,0.0003
6,0.37956686317920685,0.19740597903728485,0.0003
7,0.383099431792895,0.18796679377555847,0.0003
8,0.36511892825365067,0.18787701427936554,0.0003
9,0.3671334957083066,0.18442881107330322,0.0003
10,0.3739435498913129,0.18085582554340363,0.0003
11,0.36019617815812427,0.1838463544845581,0.0003
12,0.3667084003488223,0.18611091375350952,0.0003
13,0.36216140786806744,0.1807146519422531,0.0003
14,0.3693102498849233,0.17798349261283875,0.0003
15,0.36256356288989383,0.18090513348579407,0.0003
16,0.3583839386701584,0.18013061583042145,0.0003
17,0.3593572701017062,0.17703793942928314,0.0003
18,0.3532716631889343,0.17420564591884613,0.0003
19,0.35284513980150223,0.18589183688163757,0.0003
20,0.36120685935020447,0.17278771102428436,0.0003
21,0.3490768124659856,0.18044228851795197,0.0003
22,0.3484649534026782,0.17916791141033173,0.0003
23,0.3500109662612279,0.1817070096731186,0.0003
24,0.3563114379843076,0.17684312164783478,0.0003
25,0.3461976299683253,0.18544889986515045,0.00015
26,0.33541369686524075,0.18493770062923431,0.00015
27,0.35188241054614383,0.18207372725009918,0.00015
28,0.3462831601500511,0.18207567930221558,0.00015
29,0.3491390397151311,0.18090909719467163,0.00015
30,0.35126153379678726,0.1873472034931183,7.5e-05
