{
  "mse": 139863.6875,
  "mae": 287.4472351074219,
  "run": 4,
  "seed": 2029,
  "horizon": 365,
  "best_val_loss": 0.33743301033973694,
  "final_train_loss": 0.34245239198207855,
  "final_val_loss": 0.34184327721595764,
  "epochs_trained": 40,
  "train_windows": 471,
  "val_windows": 83,
  "test_windows": 69,
  "num_parameters": 178446,
  "device": "cuda"
}