epoch,train_loss,val_loss,lr
1,0.509946383535862,0.46892112493515015,0.0004
