{
  "mse": 136483.125,
  "mae": 283.0749206542969,
  "run": 4,
  "seed": 2029,
  "horizon": 90,
  "val_mse": 74922.0234375,
  "val_mae": 219.84915161132812,
  "best_val_loss": 0.163662850856781,
  "final_train_loss": 0.32426783939202625,
  "final_val_loss": 0.17452579736709595,
  "epochs_trained": 39,
  "train_windows": 705,
  "val_windows": 124,
  "test_windows": 344,
  "num_parameters": 216224,
  "device": "cuda"
}