{
  "mse": 139737.78125,
  "mae": 284.8733825683594,
  "run": 1,
  "seed": 2026,
  "horizon": 90,
  "val_mse": 81320.8984375,
  "val_mae": 229.0980224609375,
  "best_val_loss": 0.17514650523662567,
  "final_train_loss": 0.35487225900093716,
  "final_val_loss": 0.18065796792507172,
  "epochs_trained": 30,
  "train_windows": 705,
  "val_windows": 124,
  "test_windows": 344,
  "num_parameters": 216224,
  "device": "cuda"
}