epoch,train_loss,val_loss,lr
1,0.4835035006205241,0.3241737484931946,0.0005
2,0.43721452355384827,0.24623270332813263,0.0005
