epoch,train_loss,val_loss,lr
1,0.4946849967042605,0.3154979944229126,0.0004
2,0.4284984270731608,0.26034894585609436,0.0004
