{
  "mse": 142138.59375,
  "mae": 286.4565124511719,
  "run": 1,
  "seed": 2026,
  "horizon": 90,
  "best_val_loss": 0.172787606716156,
  "final_train_loss": 0.35126157601674396,
  "final_val_loss": 0.18734917044639587,
  "epochs_trained": 30,
  "train_windows": 705,
  "val_windows": 124,
  "test_windows": 344,
  "num_parameters": 216224,
  "device": "cuda"
}