{
  "mse": 140178.25,
  "mae": 289.703125,
  "run": 1,
  "seed": 2026,
  "horizon": 365,
  "val_mse": 203966.890625,
  "val_mae": 336.9609375,
  "best_val_loss": 0.3304442763328552,
  "final_train_loss": 0.35288408398628235,
  "final_val_loss": 0.3307609260082245,
  "epochs_trained": 34,
  "train_windows": 471,
  "val_windows": 83,
  "test_windows": 69,
  "num_parameters": 242899,
  "device": "cuda"
}