epoch,train_loss,val_loss,lr
1,0.5157517641782761,0.47419604659080505,0.0003
