{
  "mse": 142824.421875,
  "mae": 291.33685302734375,
  "run": 1,
  "seed": 2026,
  "horizon": 365,
  "val_mse": 203321.71875,
  "val_mae": 338.59393310546875,
  "best_val_loss": 0.33216592669487,
  "final_train_loss": 0.3445957824587822,
  "final_val_loss": 0.3368229866027832,
  "epochs_trained": 47,
  "train_windows": 471,
  "val_windows": 83,
  "test_windows": 69,
  "num_parameters": 242899,
  "device": "cuda"
}