{
  "mse": 139375.46875,
  "mae": 285.8739318847656,
  "run": 2,
  "seed": 2027,
  "horizon": 90,
  "val_mse": 80447.3125,
  "val_mae": 227.3480224609375,
  "best_val_loss": 0.17356346547603607,
  "final_train_loss": 0.3330752030014992,
  "final_val_loss": 0.1837780773639679,
  "epochs_trained": 26,
  "train_windows": 705,
  "val_windows": 124,
  "test_windows": 344,
  "num_parameters": 283233,
  "device": "cuda"
}