epoch,train_loss,val_loss,lr
1,0.5011926516890526,0.3706340789794922,0.0003
2,0.48516084502140683,0.30906885862350464,0.0003
