{
  "mse": 193963.03125,
  "mae": 340.93939208984375,
  "run": 1,
  "seed": 2026,
  "horizon": 90,
  "best_val_loss": 0.30906885862350464,
  "final_train_loss": 0.48516084502140683,
  "final_val_loss": 0.30906885862350464,
  "epochs_trained": 2,
  "train_windows": 705,
  "val_windows": 124,
  "test_windows": 344,
  "num_parameters": 216224,
  "device": "cuda"
}