{
  "mse": 142139.5,
  "mae": 286.4573669433594,
  "run": 1,
  "seed": 2026,
  "horizon": 90,
  "val_mse": 80456.703125,
  "val_mae": 227.30795288085938,
  "best_val_loss": 0.17278774082660675,
  "final_train_loss": 0.35126157104969025,
  "final_val_loss": 0.18735040724277496,
  "epochs_trained": 30,
  "train_windows": 705,
  "val_windows": 124,
  "test_windows": 344,
  "num_parameters": 216224,
  "device": "cuda"
}