{
  "mse": 137489.484375,
  "mae": 286.1975402832031,
  "run": 5,
  "seed": 2030,
  "horizon": 365,
  "val_mse": 204702.109375,
  "val_mae": 340.3072814941406,
  "best_val_loss": 0.3345930278301239,
  "final_train_loss": 0.3478763774037361,
  "final_val_loss": 0.3409467041492462,
  "epochs_trained": 36,
  "train_windows": 471,
  "val_windows": 83,
  "test_windows": 69,
  "num_parameters": 309908,
  "device": "cuda"
}