{
  "mse": 137689.78125,
  "mae": 285.02606201171875,
  "run": 3,
  "seed": 2028,
  "horizon": 90,
  "val_mse": 82907.9765625,
  "val_mae": 232.02061462402344,
  "best_val_loss": 0.17945615947246552,
  "final_train_loss": 0.33368369936943054,
  "final_val_loss": 0.1845705211162567,
  "epochs_trained": 47,
  "train_windows": 705,
  "val_windows": 124,
  "test_windows": 344,
  "num_parameters": 216224,
  "device": "cuda"
}