{
  "mse": 139914.640625,
  "mae": 284.3643493652344,
  "run": 4,
  "seed": 2029,
  "horizon": 90,
  "val_mse": 79109.1171875,
  "val_mae": 225.81211853027344,
  "best_val_loss": 0.17118525505065918,
  "final_train_loss": 0.32582417627175647,
  "final_val_loss": 0.1829337328672409,
  "epochs_trained": 29,
  "train_windows": 705,
  "val_windows": 124,
  "test_windows": 344,
  "num_parameters": 283233,
  "device": "cuda"
}